filename,duration,avg_intensity,intensity_variation,avg_pitch,pitch_std,pitch_range,articulation_rate,mean_hnr,emotion
03a01Fa.wav,1.89825,72.42589781,11.85393674,169.7221645,45.03181716,165.061888,3.160806006,9.312886532,happiness
03a01Nc.wav,1.61125,76.10153497,14.2157849,118.7447866,24.66566832,85.67082661,3.723816912,9.647002937,neutral
03a01Wa.wav,1.8778125,76.22791013,16.06621388,203.6097164,42.24442821,156.5951911,4.260276252,7.639282314,anger
03a02Fc.wav,2.00625,76.01888676,14.40935857,244.8643257,54.35059363,221.2152734,3.489096573,13.68234368,happiness
03a02Nc.wav,1.4398125,78.00234304,13.21125065,118.184298,19.26970877,61.99752914,4.861744151,10.95522731,neutral
03a02Ta.wav,1.7356875,76.04899392,12.1484694,104.4615972,9.376725607,33.39435588,3.45684347,9.030818275,sadness
03a02Wb.wav,2.123625,74.45055407,12.71261153,205.7181436,48.50130986,196.7178255,4.708929307,8.161075454,anger
03a02Wc.wav,1.4980625,74.18945431,14.47699931,258.3109656,51.04958507,187.4124451,4.67270224,9.464978458,anger
03a04Ad.wav,1.504875,75.57643241,11.54360474,234.807659,28.33591506,122.6217927,5.98056317,9.232337443,fear
03a04Fd.wav,1.6968125,75.70107316,13.94786101,203.9649587,54.09254283,206.7369061,4.12538215,9.315600459,happiness
03a04Lc.wav,1.931,75.77871369,11.73719779,106.4823341,24.79983314,101.579074,4.142931124,14.02821821,boredom
03a04Nc.wav,1.5613125,76.62138321,12.14718838,115.4125556,21.91640026,85.20956152,5.12389416,10.27571393,neutral
03a04Ta.wav,2.0635625,75.83582907,11.41141381,108.0652416,74.36572978,472.2182954,4.361389587,8.562682468,sadness
03a04Wc.wav,2.044125,76.45466796,13.94000897,241.7399879,46.40730401,196.0205326,3.913654987,12.70686101,anger
03a05Aa.wav,3.087625,75.04852752,11.42452854,230.3120342,33.34714606,135.0419546,5.181976438,10.89118437,fear
03a05Fc.wav,3.1961875,75.48940485,11.74739476,206.0439361,61.38528128,371.8907079,5.226310116,11.33114787,happiness
03a05Nd.wav,3.168,76.53239227,12.78400878,132.0962806,56.13439916,423.4181089,5.296610169,10.94642815,neutral
03a05Tc.wav,3.4978125,75.87202398,11.93952878,109.9197483,51.07706084,480.9791807,4.574287501,9.396199624,sadness
03a05Wa.wav,3.44075,73.67839385,13.39168345,189.0159003,34.16176195,215.0547438,3.778246022,8.723966869,anger
03a05Wb.wav,2.96225,75.79275368,14.14088493,257.7550418,36.23249618,174.089003,4.388555996,10.50655425,anger
03a07Fa.wav,2.1338125,76.96626034,11.19896259,223.4837243,50.72845243,217.5751583,3.280513166,11.91085816,happiness
03a07Fb.wav,2.449875,76.186748,9.746287694,255.0194128,53.98235605,234.3676889,3.673656819,13.94051127,happiness
03a07La.wav,2.4015625,77.67605248,9.351423891,112.0258363,27.94724916,91.73486255,3.747560182,12.2092695,boredom
03a07Nc.wav,1.788125,78.82759865,10.7172228,123.7702396,21.03315345,70.13128427,5.033205173,11.16735622,neutral
03a07Wc.wav,2.0875625,75.50407366,11.31740105,253.8903598,54.55159367,260.9895101,4.311248166,10.0069039,anger
03b01Fa.wav,2.3621875,78.54304983,11.32067117,208.6003548,43.37664183,262.8171455,5.503373462,10.58582521,happiness
03b01Lb.wav,2.8789375,75.54730425,11.25209145,114.0145261,22.74356297,88.51264311,4.862905152,10.97577954,boredom
03b01Nb.wav,2.3891875,75.85812587,10.85412392,113.2685125,20.29396135,73.6850068,4.604075653,10.29438307,neutral
03b01Td.wav,3.3906875,73.59553996,12.39684142,122.6453464,17.81241521,69.73319266,4.02239744,6.179018729,sadness
03b01Wa.wav,2.1798125,74.29016252,12.19672119,196.2173258,41.49142161,224.0127452,5.505060642,8.904703663,anger
03b01Wc.wav,2.92925,73.54085771,12.08752409,195.3128838,48.68538036,232.8044877,4.779380387,10.58232653,anger
03b02Aa.wav,3.0848125,76.38261131,9.291734295,208.1945157,62.10129583,441.4738971,5.186700975,8.901662258,fear
03b02La.wav,3.4648125,74.28135372,10.63551134,107.5541738,14.24593897,63.90081138,4.040622689,10.56148274,boredom
03b02Na.wav,2.9453125,75.64171028,10.34728817,108.9037491,16.61806274,74.19122812,4.75331565,9.994992981,neutral
03b02Tb.wav,5.126875,74.09260077,13.86061057,106.9799479,14.15483764,57.50309641,4.339718596,10.61205258,sadness
03b02Wb.wav,3.1840625,75.64043643,15.32708325,171.1103068,25.7848686,147.1138376,5.146940557,9.305984675,anger
03b03Nb.wav,3.6445,75.56383533,11.12444637,124.2958352,20.92415612,164.8714085,5.487721224,11.51847557,neutral
03b03Tc.wav,5.2993125,71.64164245,14.58949175,106.9514233,10.29550346,66.23936587,5.322641361,9.677324938,sadness
03b03Wc.wav,3.8474375,72.91883838,11.36658235,225.9860787,41.40389529,318.3429144,6.271882545,11.20465148,anger
03b09La.wav,3.1126875,75.94588729,11.96331009,109.5466665,20.15931363,77.0555796,4.176455234,13.61650901,boredom
03b09Nc.wav,2.5885625,75.75649018,12.44226894,123.3750229,20.92496418,93.92988671,4.249462781,12.82691741,neutral
03b09Tc.wav,3.947125,77.36978815,12.32460256,119.8989016,14.52436113,50.21625323,3.820018365,10.77348793,sadness
03b09Wa.wav,2.89375,73.37779852,12.04164448,177.059984,37.08771209,173.2548551,5.183585313,10.03545779,anger
03b10Ab.wav,2.82825,73.08415211,16.74851671,249.3089437,44.36619479,365.3477428,5.769230769,11.87730442,fear
03b10Ec.wav,3.202,77.59243574,10.88164551,150.4113422,24.76759124,153.0436542,4.059962523,13.16639111,disgust
03b10Na.wav,2.2564375,77.85838696,10.55712364,130.7009954,46.26876956,427.9833123,4.874941141,13.00197656,neutral
03b10Nc.wav,2.2176875,76.16787076,10.49178172,135.3999187,39.29570702,149.7322848,5.411041907,13.15638924,neutral
03b10Wb.wav,2.1664375,73.78518991,13.39413871,218.6508183,42.68419416,171.5685382,5.077460116,11.72391812,anger
03b10Wc.wav,2.442,75.4138009,12.33739687,241.6847128,52.30680229,215.3608894,4.914004914,11.15383921,anger
08a01Ab.wav,1.8540625,77.20092215,13.05132247,257.4858654,39.54404555,172.8174544,3.775493005,14.08889404,fear
08a01Fd.wav,2.29975,80.22250987,12.61893853,229.3147824,63.67457615,443.6470262,4.191930534,10.64510597,happiness
08a01Lc.wav,2.0170625,76.4288841,13.35732422,200.008792,45.51877037,146.3067166,1.983081833,18.21269772,boredom
08a01Na.wav,1.7645,76.63534379,11.22560384,187.4225079,36.90949592,153.9139794,4.254564793,12.8045652,neutral
08a01Wa.wav,1.6128125,71.95333531,16.92715202,306.1290547,45.50587983,194.5824631,3.100174385,11.43186494,anger
08a01Wc.wav,1.691,77.84057231,15.81864892,391.6373603,66.03481892,300.9496848,3.548196334,9.821223247,anger
08a02Ab.wav,1.584,77.12994414,12.57374142,268.3725197,40.36991578,179.072229,4.419191919,13.09666435,fear
08a02Ac.wav,1.6863125,72.23153406,11.84796174,256.2860332,56.88383285,247.7813927,4.151069271,11.57249046,fear
08a02Fe.wav,1.6195,77.88648706,11.24244076,219.3758263,32.79317893,164.6650049,4.322321704,12.31157853,happiness
08a02La.wav,1.73375,78.66977239,11.3122573,192.4256428,42.58266605,153.6304651,4.037490988,16.33778348,boredom
08a02Na.wav,1.790625,80.11830653,13.35925199,195.4571091,37.94401708,111.786432,4.467713787,14.09909176,neutral
08a02Tb.wav,3.0465625,79.81250905,11.17989871,202.5337387,125.1771364,451.2382377,3.949858738,12.45804535,sadness
08a02Wc.wav,1.8671875,71.76577189,16.67752616,326.5939923,62.42486675,254.6722374,4.284518828,11.54362394,anger
08a04Ff.wav,1.800625,74.92770268,10.87093237,208.5253299,36.41289111,154.5580392,4.998264491,13.24521965,happiness
08a04La.wav,2.085875,79.95396221,9.557258464,193.213861,44.42463636,163.1896088,4.794151136,17.34995292,boredom
08a04Nc.wav,2.03325,77.68956525,10.91206142,179.208346,34.17852213,162.5401608,4.426410918,12.3884131,neutral
08a04Tb.wav,3.8371875,77.73410259,11.64473992,173.791126,57.65216489,421.9367422,3.985353825,13.76461894,sadness
08a04Wc.wav,1.8049375,76.51224714,14.67666977,357.1725583,81.34068513,356.1526143,4.986322241,9.926372099,anger
08a05Fe.wav,3.0986875,77.22113952,11.69283566,277.3350514,48.81667415,252.1368081,4.518041913,14.49520193,happiness
08a05Lc.wav,4.188375,75.89329004,10.79390019,224.568754,58.49850771,340.8456227,4.297609455,15.62184199,boredom
08a05Nb.wav,3.2528125,75.32535782,9.821999558,207.3474187,64.42677551,481.3458288,5.489969012,13.38686835,neutral
08a05Ta.wav,5.6214375,78.47409809,9.688164381,159.3557051,76.60716551,506.7291572,3.202027951,10.81544257,sadness
08a05Wa.wav,2.9291875,77.09813893,12.93575037,318.0195687,56.88192005,269.5635121,5.46226556,12.17907041,anger
08a07Fd.wav,1.9630625,77.6808071,11.12768323,285.176677,88.45061634,317.0814368,4.075265051,15.00388453,happiness
08a07La.wav,2.5238125,81.65816996,10.14216255,195.5460783,55.66785517,202.425233,3.566033531,15.36669674,boredom
08a07Na.wav,2.0839375,80.41451478,10.55407216,206.3560778,48.79621216,204.9352536,5.278469244,14.45173444,neutral
08a07Ta.wav,3.46275,79.18956095,10.12946811,157.7081215,20.3223182,111.665641,2.899864069,9.450556988,sadness
08a07Tb.wav,4.0235625,78.98443507,11.02450933,158.5034074,47.31392094,468.3596464,2.725201729,10.77925836,sadness
08a07Wc.wav,2.2193125,74.2089136,12.7440477,369.0161661,98.32409791,332.127771,4.505899913,12.0322456,anger
08b01Aa.wav,2.676875,76.4286531,10.42914057,286.0925985,61.92054303,311.6842435,4.856409059,12.49007216,fear
08b01Fd.wav,2.4819375,78.50205447,11.74652809,223.823212,48.10639222,270.0652122,4.834932386,12.83155174,happiness
08b01Fe.wav,2.51575,77.23948839,10.18165755,296.4163035,81.15900736,313.9508913,4.372453543,12.97135167,happiness
08b01Lb.wav,3.487375,79.05924396,8.616048461,188.4307449,42.23317109,172.0025079,4.014480806,13.40511851,boredom
08b01Na.wav,2.354,81.44932334,9.849554694,229.3721782,70.71620574,484.0071712,4.672897196,12.32077323,neutral
08b01Wa.wav,3.3085,74.98183873,60.9091282,283.554361,86.79119493,419.0988045,3.929273084,11.7388865,anger
08b02Ff.wav,2.771125,76.69768597,11.26572287,335.4603417,104.918075,408.9457632,6.134692589,15.45015246,happiness
08b02La.wav,3.45775,74.27669456,9.752791936,178.8355767,38.72874556,241.1834303,3.470464898,19.17212971,boredom
08b02Nb.wav,3.0555,75.72294483,11.40272176,201.9025796,44.27900739,206.2378161,4.909180167,13.44513927,neutral
08b02Tc.wav,7.6794375,76.56177017,10.08421412,185.3251862,102.869235,463.0933404,3.833692742,9.674601107,sadness
08b02Wd.wav,3.584,74.49702973,14.19133891,313.4947194,85.12263389,405.363549,5.33919598,9.98804644,anger
08b03Fe.wav,3.6160625,72.14183123,11.25475334,251.3432796,64.55995407,260.7700856,5.907902792,14.39011843,happiness
08b03Lc.wav,4.5258125,79.45138932,10.26474275,184.1456309,41.84523916,142.1060045,4.577313689,17.57803204,boredom
08b03Nb.wav,3.7216875,78.16067532,10.89095795,221.7936037,45.98746418,222.1588674,4.567820377,14.21821392,neutral
08b03Tc.wav,8.97825,76.19620336,10.398999,150.634116,40.74668216,489.1517608,3.894921784,10.87235699,sadness
08b03Wd.wav,4.08125,69.39066466,12.83885444,288.4595774,63.65998839,263.5361083,6.464066077,12.4409031,anger
08b09Ab.wav,3.18125,75.87968346,14.14401218,284.3922703,52.08097078,275.0099211,4.072188801,13.52479461,fear
08b09Fd.wav,2.7668125,74.65402879,11.53725436,287.0945829,66.63920601,262.0715789,4.698547516,14.97180433,happiness
08b09Lc.wav,3.8906875,78.91387835,10.39347067,170.78461,37.75858616,171.6619523,3.341311786,16.57483072,boredom
08b09Nb.wav,2.85375,76.56842634,11.56640763,190.2417105,42.01716697,300.2620882,4.905825668,14.33751228,neutral
08b09Tb.wav,6.7514375,75.5659639,11.64476706,159.5635929,54.93544514,438.5619059,4.398720898,11.69723642,sadness
08b09Wa.wav,3.1655625,75.97110449,14.67427547,316.0677256,91.74783348,447.4850026,4.227166147,13.75407602,anger
08b09Wc.wav,3.3114375,74.53378877,14.43158218,277.6159068,75.35406545,366.5611188,4.348269185,11.61109484,anger
08b10Aa.wav,2.6551875,76.87490514,12.5025517,283.9721478,69.53540743,422.2056669,4.246096687,14.37377812,fear
08b10Fd.wav,2.4635625,77.93675254,10.96582705,262.5865238,90.49525017,443.5495248,5.276910977,14.62219607,happiness
08b10La.wav,2.79675,78.10744551,8.425558521,171.3154967,33.14048871,206.1071493,4.290694556,17.75369241,boredom
08b10Nc.wav,2.3780625,75.70125989,9.711721021,188.4736751,45.41830918,180.4740441,5.046124734,15.51080455,neutral
08b10Tc.wav,4.6628125,77.08117456,11.47418446,162.2336508,67.39171262,462.4891942,4.891750903,12.84189307,sadness
08b10Wa.wav,3.135375,74.70882546,14.65363479,287.6269713,86.81869637,341.3640107,3.827293386,13.51346688,anger
09a01Ea.wav,2.62125,74.80566642,15.40415947,237.2125385,37.30130732,164.4960133,3.183808062,9.571736086,disgust
09a01Fa.wav,1.831125,74.95463447,13.76513175,364.961605,69.44299505,292.9432421,3.822786538,13.48481187,happiness
09a01Nb.wav,1.6825625,75.13477288,12.3323572,159.9065535,24.18248222,108.2728874,4.160320939,10.20777877,neutral
09a01Wb.wav,1.7015,72.87854357,16.45722786,272.8178905,44.12106818,203.6145635,3.526300323,9.356809918,anger
09a02Ea.wav,2.4346875,74.16498051,13.42644636,243.4606394,74.84112821,263.8290531,2.875112309,10.94658151,disgust
09a02Eb.wav,1.5238125,75.7923835,14.09456809,238.5575889,27.86168449,124.5351027,3.281243591,12.66211367,disgust
09a02La.wav,1.5200625,77.14171561,11.17520277,174.6244357,40.54422104,181.1408878,3.289338432,14.6408193,boredom
09a02Wb.wav,1.6553125,71.30164642,13.34945288,259.9690243,39.29174919,193.975759,3.624693223,10.77959186,anger
09a04Fd.wav,1.481375,73.14990379,14.0519331,340.9881905,53.1665329,245.3463101,5.400388153,12.16374659,happiness
09a04La.wav,1.5279375,77.27685506,9.198856141,169.526469,50.68983649,208.6960165,3.27238516,14.33361451,boredom
09a04Nb.wav,1.7675625,76.46147712,9.022634809,168.7701052,21.35872213,87.62129611,5.657508575,10.77361707,neutral
09a04Wa.wav,1.8368125,71.87116962,12.8751967,271.9144973,51.83441955,251.0395446,4.899792439,7.606645657,anger
09a05Ed.wav,5.1574375,75.50303577,14.94658133,239.6072726,37.29132099,163.2498237,3.833388532,10.46112229,disgust
09a05Lc.wav,3.367375,74.84315919,9.378694115,164.479173,31.39675964,160.9709334,4.751475556,13.22328655,boredom
09a05Nb.wav,3.0775,73.79554483,10.60947041,191.5435144,82.5659817,468.4446197,5.523964257,15.35666486,neutral
09a05Tb.wav,3.908625,76.09031285,7.776378805,192.164367,120.4928321,475.4379738,4.605200038,7.3301916,sadness
09a05Wb.wav,3.4001875,73.74526645,13.90781125,306.0540072,58.95835487,289.6963778,4.411521423,11.23113708,anger
09a05Wc.wav,3.184625,72.04913421,15.23427151,335.177817,57.00810597,244.1554381,4.710130706,11.62611815,anger
09a07Eb.wav,3.3458125,76.93984592,12.50972437,215.5382194,49.63264015,228.6605987,3.304897445,11.43585172,disgust
09a07Na.wav,1.8359375,80.74350752,11.80211588,169.7591109,27.50110321,107.1803141,3.812765957,14.29469531,neutral
09a07Ta.wav,1.99425,81.87507762,7.741918506,169.84688,18.36876106,92.13686404,4.512974803,13.75577386,sadness
09a07Wb.wav,1.987625,75.47126236,15.06601359,379.2280461,85.95185115,341.6957482,5.031130118,11.036056,anger
09a07Wd.wav,2.3193125,75.21138026,15.06558334,242.4262995,41.04658844,205.9055346,3.880460266,15.22260184,anger
09b01Ea.wav,3.731625,73.55535032,12.83531535,308.2101933,74.49656186,303.3072742,3.483736978,8.169359802,disgust
09b01Na.wav,2.4655625,77.54832295,10.80051888,188.2560042,53.1308652,455.8717657,5.678217445,11.40988024,neutral
09b01Wb.wav,2.1574375,74.88149725,13.25698192,293.5206147,59.69310032,299.2196058,5.098641328,12.14836613,anger
09b02Na.wav,2.70025,78.80069654,10.69686834,162.6788485,25.3023187,170.826862,4.81436904,13.0788623,neutral
09b02Tb.wav,3.6546875,81.45974025,8.284917113,164.9347976,36.28146412,337.2932803,4.37793929,14.05675063,sadness
09b02Wc.wav,2.7245,76.83079967,10.80618113,198.6685243,28.72229069,132.053634,4.77151771,10.46016345,anger
09b02Wd.wav,2.6213125,72.53748183,12.28862203,255.0663013,56.47771387,242.9377884,5.340835936,12.21819649,anger
09b03Ed.wav,5.065125,74.18544054,15.74331228,240.0186364,40.15377718,332.0192133,5.845816588,11.91084452,disgust
09b03Fa.wav,3.1416875,73.68874221,11.3546317,364.4073175,68.49862959,324.3523694,5.411104701,13.17803392,happiness
09b03Fd.wav,3.3125,75.57063921,9.89029134,299.5005316,50.64745433,222.0475846,6.037735849,14.1624314,happiness
09b03Lb.wav,3.918,76.45420035,8.235970951,162.5115434,22.75140484,113.1658865,4.849412966,14.18581094,boredom
09b03Nb.wav,3.8190625,77.91192027,9.099573073,171.1119222,22.9918149,190.8849759,5.236887325,13.73255125,neutral
09b03Ta.wav,4.09325,81.37357905,10.40477154,155.6521406,38.63549603,379.3325941,4.2478346,10.46430837,sadness
09b03Wb.wav,3.6950625,75.11378776,14.78092971,286.111517,37.3062748,197.13313,5.141996922,13.46677298,anger
09b09Ea.wav,3.794375,76.3949362,16.15587996,213.1668022,37.07814316,167.6191081,3.620592118,13.48609663,disgust
09b09Nd.wav,2.7140625,76.26527418,10.34815297,147.3012589,33.76765878,204.0486238,4.789867588,11.65267874,neutral
09b09Wa.wav,2.6223125,76.16749029,15.33817266,247.0829002,28.62806699,146.6804494,5.72014205,13.27464113,anger
09b10Aa.wav,1.6560625,80.44992283,10.34927401,277.7057052,40.22605597,164.2640602,6.038419444,17.44220806,fear
09b10Nd.wav,2.2355,76.81342779,9.319592162,167.0586456,14.69295947,64.54956366,4.920599418,16.0719716,neutral
09b10Wa.wav,2.206625,75.25568997,11.36589536,304.0245297,65.4342431,297.8220027,4.984988387,13.38949541,anger
10a01Ac.wav,1.6795,74.39468239,11.69576898,164.6290588,77.74131479,314.5258483,3.572491813,3.577660544,fear
10a01Nb.wav,1.8071875,76.75339538,11.33170859,138.5234256,119.6657006,423.1542876,6.017676926,10.29501284,neutral
10a01Wa.wav,2.1703125,73.05125742,13.09283142,184.1741265,27.22434294,97.13645832,2.303815695,3.290170454,anger
10a02Ab.wav,1.6079375,77.29146796,13.55711329,181.9537581,23.41240874,88.17469738,5.384744826,5.851599848,fear
10a02Fa.wav,1.524,75.11340239,12.45737401,235.051111,55.1249978,229.2690537,3.937007874,10.56011909,happiness
10a02Lb.wav,1.5925,79.13776864,12.26435541,111.1036673,25.25486213,85.11257341,4.395604396,12.64979216,boredom
10a02Na.wav,1.658625,77.07966781,97.91086244,114.7870608,24.43359251,78.51383537,4.220363253,10.92048446,neutral
10a02Wa.wav,2.1026875,74.28987263,13.45311077,177.7546262,57.76682413,278.4321544,3.329072913,5.821976887,anger
10a04Fd.wav,1.5371875,76.67290128,12.49989152,217.6697506,26.07181413,138.9513668,5.854848546,10.74662333,happiness
10a04Nb.wav,2.0499375,74.92365836,10.81528008,101.337079,14.55048846,59.6403158,4.390377755,9.995825078,neutral
10a04Wa.wav,2.853375,74.43696997,11.76400201,175.7936704,40.5183522,153.0411815,2.453235204,4.640562874,anger
10a04Wb.wav,1.811375,77.38451835,14.52932102,272.7262003,86.30745732,369.9069364,3.864467601,5.673501357,anger
10a05Aa.wav,2.604125,76.75018345,12.61950225,207.2434874,62.52938923,422.7268747,5.376086017,9.357457836,fear
10a05Ld.wav,3.29575,76.5792528,9.350154636,105.485525,18.01040668,74.6219911,5.158158234,13.36316261,boredom
10a05Tb.wav,3.3339375,79.35849952,9.531478263,106.9488919,83.11666626,509.2104768,4.799130158,7.64209692,sadness
10a05Wb.wav,3.7520625,69.48342756,13.88330677,210.6735169,54.42385293,215.1811359,3.521071412,7.07761861,anger
10a07Aa.wav,1.5960625,77.57702074,9.083122506,178.432682,15.91946856,64.69934332,3.132709402,8.20072417,fear
10a07Ad.wav,1.603375,75.84135186,10.73091281,144.2691182,13.72214654,77.16827086,4.36579091,8.669500736,fear
10a07La.wav,1.9901875,78.28384155,10.03520738,106.8794338,32.21999365,108.4159125,4.01972176,13.22055866,boredom
10a07Ta.wav,1.9558125,78.28652904,9.921285412,99.17394289,16.30767941,89.12829408,4.601668105,9.011914778,sadness
10a07Wb.wav,1.9734375,72.68104999,10.44421286,185.3388383,35.35993107,145.2622954,1.324996895,3.332146655,anger
10b01Aa.wav,2.0875625,77.64289862,9.995273379,214.8506228,26.62355939,121.0803835,4.311248166,9.190527157,fear
10b01Ea.wav,2.390125,75.38138796,10.91381797,145.0069004,33.56211924,222.8504339,3.765493437,7.926495367,disgust
10b01Fa.wav,2.4330625,77.3442942,11.51760607,174.9591567,63.23517817,285.469773,4.932055794,11.72543493,happiness
10b01Lb.wav,2.0569375,76.97476538,9.397017999,106.4124316,22.6376063,78.29591028,4.375436784,12.96377188,boredom
10b02Aa.wav,2.4623125,78.38588224,9.580277466,169.17839,19.53329249,101.5623028,5.279589816,9.82634191,fear
10b02La.wav,2.6905625,79.49577778,10.26182271,103.7442528,42.85646369,421.1170966,4.460033915,12.25360516,boredom
10b02Na.wav,2.722,79.19464601,8.494200839,112.6104426,53.36980867,460.1126899,5.143277002,11.0596706,neutral
10b02Wb.wav,2.8680625,72.89684424,12.03464353,202.8739268,53.7608117,239.9130516,4.73921951,7.263874345,anger
10b03La.wav,3.829125,77.89450396,10.33589271,109.222324,19.51466838,82.29628354,5.919677378,13.95250703,boredom
10b03Tb.wav,3.756375,77.90921507,10.20508712,95.27653356,51.59791166,473.7680333,4.932987541,10.63986529,sadness
10b03Wb.wav,4.4855,75.78004835,11.16919332,202.4147982,58.09104567,250.733956,3.565592037,9.067729193,anger
10b09Ad.wav,1.9768125,76.35873009,7.391227957,117.6406635,14.07474682,62.99573719,6.576243321,8.808725553,fear
10b09Lb.wav,2.9490625,79.16989534,11.54635861,103.7670491,16.65920036,63.75283722,5.086362191,15.27530348,boredom
10b09Wb.wav,3.2135,73.34743624,10.9325166,221.0596956,73.6931061,341.9339228,4.3129268,5.223670779,anger
10b10Fc.wav,2.21175,76.11141083,10.03209101,209.4753555,64.66246106,351.0919219,5.425567989,11.84673648,happiness
10b10Lc.wav,2.2699375,78.34251893,10.3943758,93.26370137,18.40350292,92.43658293,4.845948402,11.95863965,boredom
10b10Wa.wav,2.6461875,69.98809296,13.81267606,213.0024263,54.8937519,220.4923515,4.501336334,9.13898117,anger
11a01Aa.wav,1.5573125,77.07947091,13.45238824,139.6214222,80.19466462,439.7212618,3.852791267,8.139594847,fear
11a01Ab.wav,1.50425,76.51108414,13.2288467,126.7586637,15.6129216,65.48573818,3.988698687,9.201633838,fear
11a01Ld.wav,2.0821875,78.91828701,13.6045162,150.6135151,125.5008355,518.4751954,4.124698473,13.09851803,boredom
11a01Nd.wav,1.636375,73.0058227,11.75267218,137.9263564,112.0961436,482.7913354,4.888854939,10.22466101,neutral
11a01Wc.wav,1.91975,73.25728054,15.09632314,247.9791743,72.70658661,405.5902247,3.646308113,5.821026647,anger
11a02Ec.wav,1.91,78.62609911,13.22422234,165.1377315,74.26628949,517.5992749,3.664921466,11.4063245,disgust
11a02Fb.wav,1.7853125,74.72818957,13.03507369,217.9312986,62.31423038,262.2593886,4.481008227,11.73087365,happiness
11a02Ld.wav,1.6055,79.24915122,12.66383837,113.1360417,21.24693229,76.39954454,4.360012457,13.81133244,boredom
11a02Nc.wav,1.5340625,71.78572509,12.21334404,109.0231777,13.91408305,60.96143328,4.563047464,10.71173589,neutral
11a02Tc.wav,2.0645,75.89654496,10.7387931,102.7470626,13.32707208,128.5308861,3.875030274,14.15313661,sadness
11a02Wc.wav,2.4259375,74.33384079,12.27187055,257.2405176,61.36156716,245.6281785,4.31661146,8.225539037,anger
11a04Ac.wav,1.5355625,74.76280942,13.76000495,156.4281153,26.34151965,113.6941164,5.861044406,9.820077548,fear
11a04Fd.wav,1.886,74.13485078,14.90591536,167.3138813,49.63175794,192.0102756,4.682274247,6.249269533,happiness
11a04Nd.wav,1.684,75.17426605,10.22287073,105.6763781,10.88345478,53.38239865,5.344418052,12.04124151,neutral
11a04Wc.wav,2.6789375,76.44031848,15.94422645,246.7756994,47.74326732,204.5608191,4.421585937,11.24261474,anger
11a05Ad.wav,2.9164375,76.0306769,12.98015565,192.8570601,88.86474461,479.7584456,5.48614534,11.44368388,fear
11a05Fb.wav,3.5435,74.50090785,12.77059578,210.8145904,49.65689989,280.0462458,5.079723437,10.29125072,happiness
11a05Fc.wav,3.9264375,74.48902813,13.30802951,236.9820461,43.86526095,257.1318171,4.838992089,10.6194229,happiness
11a05Lc.wav,4.06575,77.02616396,12.27980542,108.9819865,15.10404827,64.03112525,4.253339536,12.4769485,boredom
11a05Na.wav,3.3205,77.16982684,10.73863788,107.4828106,9.770207451,45.47943593,5.006257822,10.84162378,neutral
11a05Td.wav,5.6733125,72.56231098,14.25546648,128.7398804,98.72582156,453.4060158,4.398092004,11.79282081,sadness
11a05Wd.wav,4.03825,74.51322608,14.3257665,168.0384837,34.71690983,258.9934606,4.575889102,11.13454801,anger
11a07Ac.wav,1.9024375,76.82053276,12.53546615,191.9737427,30.74732904,131.353175,4.205131575,11.73567373,fear
11a07Ld.wav,1.7953125,77.04419812,9.227634327,134.696382,21.99962736,104.4221162,3.899042646,15.19393555,boredom
11a07Ta.wav,2.167375,78.41518832,9.259497678,102.7837409,6.672497446,37.75306519,4.152488609,13.07600799,sadness
11a07Wc.wav,2.238375,73.9381806,14.80658793,272.5536536,43.01389191,242.2949716,4.020773999,10.60118497,anger
11b01Ab.wav,2.02425,75.79869821,9.38536775,146.0917184,27.10543378,143.3777596,6.422131654,8.874631746,fear
11b01Eb.wav,3.054375,75.46458189,15.05520327,145.6759881,30.81698258,128.0721237,4.526050507,11.00567335,disgust
11b01Fc.wav,2.5549375,72.83443304,11.75927727,179.6520306,55.98920115,264.6819767,5.088187089,9.543551166,happiness
11b01Lb.wav,2.79375,79.18610914,11.5350788,120.619166,21.85924265,88.06278201,4.653243848,11.51755542,boredom
11b01Nc.wav,2.2201875,78.48136281,9.231287302,119.9860203,19.47602315,99.57936379,5.855361315,11.04194897,neutral
11b01Wd.wav,2.8146875,73.77310884,12.70579575,221.7381493,45.64234355,217.2151651,4.618629954,10.2859543,anger
11b02Ab.wav,2.489875,76.23181806,10.97414182,150.0530519,22.49489548,108.5822039,6.024398815,10.00778118,fear
11b02Fd.wav,3.1149375,77.12762141,43.86059871,175.9025466,61.75586821,473.5059827,4.815505929,8.668718211,happiness
11b02Na.wav,2.6988125,72.85376702,10.71499485,107.9515227,11.92717494,56.11035035,5.928533383,10.8470344,neutral
11b02Td.wav,3.60425,75.17892947,12.64527305,116.7525786,76.91781302,444.6802315,5.121229095,13.50666416,sadness
11b02Wb.wav,3.248625,76.81341674,12.31623156,195.3602692,38.25213532,199.0975092,4.309515564,10.69922559,anger
11b03Fc.wav,3.8298125,74.26596311,12.42443581,179.0750563,60.87818422,416.6539447,6.27333565,10.1273041,happiness
11b03Lc.wav,4.452875,74.27266344,10.0085294,108.4562479,14.65126588,62.05263625,4.70945454,14.92871384,boredom
11b03Nb.wav,3.6209375,73.33630577,10.88388342,104.7421918,10.976801,58.71441403,5.7602486,11.86127574,neutral
11b03Td.wav,5.905,73.91781639,13.86956699,106.6058137,10.01179339,46.41573151,5.454996281,13.90607213,sadness
11b03Wa.wav,4.0648125,68.50004253,11.94359058,161.4595262,24.5638184,132.7307746,5.850431719,9.198464035,anger
11b03Wb.wav,5.2135,74.61081522,13.62238989,218.3299176,57.33497224,259.1445897,5.039899202,11.99362426,anger
11b09Ad.wav,2.7638125,75.02249801,15.85297649,147.6625183,35.29163463,294.2633299,5.390137086,12.02928406,fear
11b09Fd.wav,3.0365625,73.13345435,13.77259648,148.7177321,29.83225286,124.7130217,4.939796233,11.22563309,happiness
11b09Ld.wav,3.377375,77.090072,11.47408499,111.6485391,37.08272123,284.5394812,4.145231134,14.46165314,boredom
11b09Na.wav,2.41925,78.10179459,10.14747932,111.9600821,17.41821844,72.95755039,5.786917433,11.71766451,neutral
11b09Td.wav,4.8993125,75.84529081,14.29251327,108.6355645,40.96764769,402.5604958,4.103992232,12.19398356,sadness
11b09Wa.wav,3.81,75.3260633,14.13661598,205.8719196,57.43061281,217.8146511,3.937007874,11.46055837,anger
11b10Ad.wav,2.4455625,77.38339279,14.80336956,120.0328181,21.28946043,92.62155155,4.365620737,12.93934957,fear
11b10Ae.wav,2.9425625,77.07299331,16.34846101,130.9980404,27.19178227,107.091495,4.373377067,13.76238545,fear
11b10Ld.wav,3.3234375,77.93262488,13.72660035,108.0642306,60.97289921,449.9744061,4.342417732,15.35203089,boredom
11b10Nc.wav,2.1325625,76.96301003,10.4512711,110.778841,14.17421004,52.62914474,5.627033205,13.45377448,neutral
11b10Td.wav,3.8895625,77.5506953,12.52567467,102.6199432,7.091743809,45.20721202,4.080911927,13.03546206,sadness
11b10Wa.wav,2.8858125,73.1637553,12.93943348,205.3295124,39.78160146,184.7789324,4.653135414,10.70339115,anger
12a01Fb.wav,1.863625,72.40728588,14.35933829,142.6354131,22.69160675,114.5057288,3.756120464,6.110742327,happiness
12a01Lb.wav,1.8865625,77.55116489,89.63877889,130.4053282,28.81242342,109.547987,4.489247851,8.820063067,boredom
12a01Nb.wav,1.7219375,73.89687567,11.06764936,131.9793618,26.15498273,112.2157536,3.484447026,10.53917363,neutral
12a01Wc.wav,2.3588125,72.76336949,15.04106443,190.9622033,24.84752928,81.1914948,3.391537055,9.206647227,anger
12a02Ac.wav,1.2255,77.64771667,11.25255855,174.0755897,34.0228649,141.9247422,4.895960832,6.370552773,fear
12a02Ec.wav,3.294625,73.48133957,12.69076317,112.9877854,35.1808735,272.0415757,3.847171127,9.533375675,disgust
12a02Nb.wav,1.7319375,77.65217119,16.90545571,131.1111902,21.7705765,85.18346995,4.041716286,9.792394129,neutral
12a02Wa.wav,1.5074375,75.11948296,13.75446295,219.0144598,53.57278893,214.4681011,3.980264522,7.987673346,anger
12a02Wc.wav,1.4658125,77.07425949,16.03595487,188.2404644,32.40128223,156.3098845,5.457723959,8.293000547,anger
12a04Wc.wav,1.577625,76.30893631,12.74880249,226.8318364,40.11564216,204.881906,5.704777751,7.977246615,anger
12a05Ab.wav,3.234125,74.36867975,11.51986886,164.8993365,24.34893019,112.9328316,4.282464201,7.95184097,fear
12a05Lb.wav,3.8276875,74.69055987,12.08434912,146.6558355,40.28790232,430.1013706,4.180069559,13.97457481,boredom
12a05Nd.wav,3.185875,73.86218662,11.06425759,147.6035404,57.21626528,484.2767653,5.649939185,11.99797422,neutral
12a05Ta.wav,5.36025,75.13835439,12.9014405,120.0074433,52.75165622,426.2943535,4.229199095,10.59039731,sadness
12a05Wb.wav,3.48525,75.39828884,13.90031102,231.0214927,33.43449771,204.6075275,5.164622337,8.241698992,anger
12a07Ac.wav,1.48,74.47921884,8.910708783,148.2933226,19.26228097,98.42352215,5.405405405,8.673100601,fear
12a07La.wav,2.35125,79.18046389,10.54198373,157.4892549,31.30763858,134.6054637,4.678362573,12.79824609,boredom
12a07Wa.wav,2.33275,77.76196741,11.53604626,172.584007,28.9673453,142.4135942,4.286785982,10.89630663,anger
12b01Ta.wav,3.9954375,75.94176369,10.5541164,109.6698383,11.89006431,74.23226511,3.982434619,8.296285571,sadness
12b01Wa.wav,2.23725,73.05041059,12.41453685,193.4262874,42.24324558,207.4041635,5.363727791,7.196607533,anger
12b02Ad.wav,2.2313125,75.02114667,7.805990893,139.5834931,28.44723936,232.3431335,6.274334052,7.829671332,fear
12b02Ea.wav,5.567,74.01412366,13.67093947,167.238812,78.95626253,520.0653549,4.109885356,8.233854258,disgust
12b02Fb.wav,3.304,73.90496094,12.90619251,149.3097117,25.05214281,148.5860341,4.672897196,9.428656991,happiness
12b02Na.wav,2.9820625,74.22731762,10.20367009,148.7357166,26.25291167,106.0343972,5.700752415,11.39022555,neutral
12b02Wa.wav,2.78375,75.83280312,12.59961618,190.353556,51.00766342,190.2207149,4.450063211,9.656315007,anger
12b02Wb.wav,2.804125,74.5450234,13.24384394,260.0462549,68.01820985,260.8004689,4.992644764,8.362852047,anger
12b02Wd.wav,2.649875,74.15647554,11.12874191,206.9209778,67.42150396,280.1432094,4.905891787,8.578198713,anger
12b03La.wav,3.94475,77.10356253,9.392244271,157.5692728,67.78615356,489.4515778,5.830534254,12.57718327,boredom
12b03Ta.wav,5.9963125,73.77517301,10.91548265,124.6372021,60.74079327,494.8861174,5.037452938,11.51147175,sadness
12b09Ac.wav,2.4719375,72.20794824,43.22917397,130.6856026,16.67226181,91.27327313,5.663573614,9.88367261,fear
12b09Td.wav,5.413875,75.49255443,12.09219032,118.1170316,64.84002958,443.0776325,3.901276042,11.83978163,sadness
12b09Wc.wav,2.4381875,74.95848807,12.60945534,187.2005497,31.87311721,152.2852333,5.331829484,8.278010325,anger
12b10Ac.wav,2.0305,75.2231445,10.79338704,177.0206211,32.52171307,145.8670029,6.40236395,9.729170341,fear
12b10Ld.wav,3.02,76.10404085,11.92957021,134.1592372,24.42878503,108.1134238,3.642384106,14.07502043,boredom
12b10Wa.wav,2.5493125,74.10232113,15.15067761,263.1394695,28.54537398,148.7313618,4.707151438,11.98662424,anger
13a01Ac.wav,1.561,73.19644234,10.68981444,269.336602,37.01720758,186.1490937,5.124919923,8.909052445,fear
13a01Ea.wav,1.826875,76.40203779,11.14261407,179.7199602,26.98244749,144.2733308,4.379062607,8.5769308,disgust
13a01Ec.wav,2.3276875,78.58339545,10.16380256,229.7837979,58.2711719,409.3697245,3.866498402,7.032107389,disgust
13a01Fd.wav,1.8809375,77.31894283,15.03798667,341.533135,78.13502724,340.206307,3.189898654,13.7195064,happiness
13a01Lb.wav,2.0050625,79.20234084,9.988639605,168.5194664,35.67615248,169.9686397,3.491162994,11.62037352,boredom
13a01Nb.wav,1.515625,79.63192356,12.10557364,211.5856101,60.25521279,425.9002489,3.958762887,12.65487459,neutral
13a01Wb.wav,2.36225,74.08750477,14.13075012,308.0951269,71.39207614,292.2308474,3.386601757,10.73510928,anger
13a02Ad.wav,1.463375,76.23998513,10.00962951,196.0204158,39.10813109,311.4554768,4.100111045,10.07703161,fear
13a02Ec.wav,2.13625,75.45890003,7.862330579,199.8341215,49.03178054,173.9067699,5.149210064,9.35779381,disgust
13a02Fa.wav,2.0746875,75.90737485,12.94366896,317.6855118,76.50158771,313.7111326,3.85600241,14.07495606,happiness
13a02Lc.wav,1.7841875,79.61022423,10.86501002,177.8802172,48.32482184,190.9708543,3.923354468,14.2623399,boredom
13a02Nc.wav,1.5583125,78.48636141,10.48117244,194.1495602,47.41014763,175.6760949,5.133758473,12.8702088,neutral
13a02Ta.wav,1.86375,77.4098492,6.094913731,247.4348064,173.2543531,511.3135686,5.365526492,7.221352842,sadness
13a02Wa.wav,1.669,74.28896435,13.29785934,281.5771964,49.79918873,216.0395193,4.19412822,12.25818348,anger
13a04Ac.wav,1.531375,76.13231806,9.22401161,235.6498791,27.796668,125.8135271,5.877071259,9.669382704,fear
13a04Fc.wav,1.7833125,77.83431984,11.77738716,319.1093625,69.24348404,327.1012698,4.145614717,15.25785152,happiness
13a04Lb.wav,2.2468125,76.62453862,9.319325032,177.8017438,71.63159606,450.2941598,3.115524771,12.01686814,boredom
13a04Ta.wav,2.8525,77.35352256,7.530150399,186.9697843,107.635344,468.4778561,3.505696757,9.044191782,sadness
13a04Wc.wav,1.9954375,76.81950567,13.12037381,279.2168409,49.72237734,250.1445252,5.01143233,11.69334234,anger
13a05Aa.wav,2.7915,79.21761393,8.129722559,220.5499613,56.53273974,357.1136414,4.298764105,12.09394273,fear
13a05Ea.wav,4.1959375,77.05021058,8.16549894,229.3345685,72.55479089,520.4079306,4.051537946,7.954265846,disgust
13a05Lc.wav,3.3528125,77.30190341,10.22332553,181.1783771,25.97052477,96.75880944,4.772112965,16.47701584,boredom
13a05Nb.wav,3.18775,73.71015502,10.84815327,208.0165428,65.0246113,468.674002,4.391812407,17.00391492,neutral
13a05Tc.wav,4.451375,75.99891543,5.496737635,269.2608947,167.650399,522.6297576,4.717643425,7.273026003,sadness
13a05Wa.wav,2.8845625,74.15432088,13.59619584,252.6931978,24.38757186,119.9206797,4.853422313,14.3045719,anger
13a05Wc.wav,3.3899375,75.24146707,13.86375286,378.5304134,57.03584708,338.9677509,4.42486034,12.29946531,anger
13a07Fd.wav,2.0124375,75.82764609,12.12973711,331.2295581,58.18456582,282.3716841,4.472188577,16.44598408,happiness
13a07Lb.wav,2.2641875,81.37652146,10.09694646,185.0772424,53.64255107,180.0080877,3.974935821,17.02367792,boredom
13a07Na.wav,1.9116875,79.53854831,8.602134891,184.8172868,42.93193442,161.7198505,4.707882434,14.62352937,neutral
13a07Tc.wav,2.3416875,80.05177304,6.556711397,208.8961424,131.2314191,521.4349256,3.416339712,9.000200136,sadness
13a07Wb.wav,2.257625,74.07203917,13.2176358,284.8653438,51.35564165,243.2426119,4.429433586,13.32411503,anger
13b01Ab.wav,2.2233125,79.63422636,9.595771789,270.1000396,39.46431866,177.1140919,5.397351924,12.29976087,fear
13b01Ec.wav,3.091875,80.45442686,10.61525462,202.2321062,43.88343513,268.4682826,4.204568425,10.30597028,disgust
13b01Fc.wav,2.633,78.81208366,11.78724999,317.5184053,90.72681863,409.5988397,3.797949107,14.45083944,happiness
13b01Ld.wav,2.6738125,77.14528448,9.536196454,193.2255204,48.53220919,173.6857256,4.861971436,16.10109233,boredom
13b01Nc.wav,2.431,79.95060114,8.555020618,175.8856031,26.33737102,114.4200696,5.347593583,13.64594165,neutral
13b01Wa.wav,2.2521875,77.45082053,12.16492213,297.004349,56.12922356,278.1384066,4.884140419,14.54509125,anger
13b02Fb.wav,3.4419375,75.4611105,13.01617612,242.0732925,82.4057935,305.5332634,4.60232993,15.7112047,happiness
13b02Lc.wav,3.804,77.88853135,8.924974884,173.9573606,65.40573329,514.7163044,3.943217666,17.53171762,boredom
13b02Nb.wav,2.78625,79.10629951,8.896415046,192.0257869,68.98203746,457.8646612,5.383580081,13.51147528,neutral
13b02Wa.wav,2.4110625,78.3721662,12.82816235,296.802592,50.47713586,284.2201607,4.977058869,12.83001568,anger
13b03Ac.wav,3.3083125,77.83909398,9.103428289,236.6771723,28.98141232,220.6421061,6.347647025,11.76747619,fear
13b03Ed.wav,4.518125,76.2160107,12.27827791,184.2724729,43.09333061,390.6009892,4.604233737,13.48771184,disgust
13b03Fd.wav,3.9309375,74.22963641,12.27785053,330.0774619,66.79995454,368.5004218,5.547128927,13.15878731,happiness
13b03Lb.wav,3.8853125,78.49866066,6.924419283,172.4825538,69.01554542,468.8508651,4.118072871,15.12796791,boredom
13b03Na.wav,3.567,80.61006465,9.650519069,193.0759147,56.90514559,484.6438583,4.765909728,15.75365864,neutral
13b03Td.wav,4.97625,78.6389868,8.005031958,213.8930308,147.088691,520.0840745,4.420999749,11.96597147,sadness
13b03Wc.wav,3.611875,75.22794862,12.63978978,333.5626732,70.1431288,412.6633115,5.451344854,13.18168572,anger
13b09Ab.wav,2.71175,79.28230553,9.875907632,239.2205193,51.72814199,307.7884052,4.425186688,10.22934812,fear
13b09Ec.wav,2.68975,79.85404924,9.731529401,184.0066655,21.72360888,130.1101645,4.461381169,12.80871238,disgust
13b09Fb.wav,2.8738125,75.28280064,10.02699206,294.0436141,82.42381274,356.3511525,4.175637763,14.2645698,happiness
13b09Fc.wav,2.96225,78.03861217,10.41173371,244.1588013,51.16569989,212.9942722,4.726137227,15.44511436,happiness
13b09La.wav,2.5901875,78.34606395,8.672847221,164.7165084,20.82308638,94.1698334,3.474651932,17.41513239,boredom
13b09Na.wav,2.672875,78.539244,10.38446721,196.7968999,34.88502715,129.3189782,4.115418791,16.7581488,neutral
13b09Wa.wav,2.399625,76.19491632,11.96304584,327.9546704,54.17821417,285.9429377,5.834244934,13.41365116,anger
13b10Ec.wav,2.84775,75.88906708,9.443449936,226.1282558,74.03090048,485.4431723,4.916161882,13.52798506,disgust
13b10Fa.wav,2.1585625,76.04961992,10.37464443,297.0713812,75.46605412,271.4061148,5.559255291,15.80194613,happiness
13b10La.wav,2.3484375,79.67566867,7.155278809,179.2943497,18.25490385,69.34144782,4.258150366,17.47214539,boredom
13b10Nc.wav,2.3678125,78.8737916,9.692840327,191.7893932,42.36052065,205.4687284,4.645638115,16.5572061,neutral
13b10Wa.wav,2.2005625,77.9089199,12.27457284,300.6591962,62.87641225,263.7586264,5.453151183,15.58711143,anger
13b10Wc.wav,2.6833125,74.03702024,11.64958293,359.5369284,67.45014608,313.6635716,4.472084411,14.38465289,anger
14a01Aa.wav,1.53375,77.70503127,12.22954675,223.5875822,29.28308608,92.42900673,3.91198044,10.42549638,fear
14a01Ac.wav,1.5423125,77.58859175,11.45031342,288.0531213,52.17972345,182.8211386,3.890262187,13.52602247,fear
14a01Ea.wav,3.1425,76.11361695,13.61292737,211.0706067,94.14875658,511.8101306,3.818615752,10.80584544,disgust
14a01Na.wav,1.6153125,75.94059671,13.00978885,151.8316639,24.02802508,118.4292255,4.952602051,10.45802938,neutral
14a01Wa.wav,1.6378125,75.68987187,15.6616046,269.1086088,52.28137683,184.6571193,3.663423011,11.44887609,anger
14a01Wc.wav,1.9724375,74.56083677,16.17920916,256.7595101,56.07382731,268.5322526,4.801290347,9.588326928,anger
14a02Ab.wav,1.3695625,76.06743192,10.10367081,241.6977913,28.86368851,143.4878874,5.111121252,13.50444268,fear
14a02Ea.wav,2.554875,73.66743861,12.36131975,188.4923192,47.63835326,205.7388142,3.131268653,12.32091773,disgust
14a02Fd.wav,1.6816875,77.5058505,16.19471826,282.1891387,57.53270544,223.258634,4.757126398,13.53878967,happiness
14a02La.wav,1.9506875,75.89252712,12.74753928,169.3611346,74.84325612,517.6563285,3.588478421,13.2431864,boredom
14a02Nc.wav,1.4308125,77.16135937,11.61044437,175.6231169,28.84023325,110.9512275,4.892325165,12.50909115,neutral
14a02Tb.wav,2.137375,77.04747134,9.2391425,149.3314699,115.0944438,512.4883307,4.678636178,7.427577225,sadness
14a02Wa.wav,2.01275,74.29645933,17.03955225,281.6143001,59.76276402,272.6356006,3.974661533,11.61107429,anger
14a02Wc.wav,2.092625,74.90111223,13.68985832,275.5704481,64.92157859,314.540516,3.822949645,11.56833864,anger
14a04Aa.wav,1.477,75.93463578,7.959464863,228.9859745,23.74641892,105.9262283,6.770480704,9.967141738,fear
14a04Ed.wav,2.9161875,72.04347724,14.85007835,235.4822259,46.19945967,282.1570054,4.114961744,11.79030702,disgust
14a04Lb.wav,1.9429375,74.49376025,12.15072883,165.8073423,50.10911062,181.3701241,4.632161354,13.44287095,boredom
14a04Tb.wav,2.2255625,74.61042039,9.457520395,149.7293542,40.06333221,146.2988822,5.391895307,7.121063828,sadness
14a04Tc.wav,2.93475,71.00087222,9.707813069,127.9517756,39.72591841,109.0210024,3.748189795,10.4023828,sadness
14a04Wb.wav,1.7368125,76.81403997,12.27836917,288.3733455,53.95952338,235.1476974,5.7576739,12.30028321,anger
14a04Wc.wav,2.5100625,75.41932506,18.73410199,357.0636524,58.01814802,273.7505845,5.230545195,13.10177209,anger
14a05Aa.wav,2.587625,77.09748219,10.45971701,247.8517433,57.42489324,399.8212556,5.410366649,12.21762193,fear
14a05Ac.wav,4.101375,74.01253894,12.92636408,319.3922128,43.39200659,205.8914541,4.780400359,14.36972012,fear
14a05Fa.wav,3.2461875,74.71740345,14.36274997,300.654406,48.59957471,264.2990282,5.451273916,12.61636823,happiness
14a05Fb.wav,3.1286875,73.42828926,14.9831622,265.1139727,50.03778538,221.8084002,5.113965521,11.39588392,happiness
14a05Lb.wav,3.51925,73.13621907,11.68951276,158.2250746,48.92335076,507.9212849,4.546008037,15.441826,boredom
14a05Na.wav,3.0633125,76.72715745,11.26704912,163.9157116,22.7141201,132.8041742,5.507302913,12.00765293,neutral
14a05Ta.wav,3.7375,74.93204516,9.656695526,132.9192079,68.87803269,470.43993,4.548494983,6.009302917,sadness
14a05Tc.wav,5.028875,74.15092246,12.01321472,151.3408302,91.6403861,487.4385968,4.177424502,8.700140839,sadness
14a05Wa.wav,4.0068125,75.87630975,15.30606992,286.0226477,67.91198435,322.9371692,4.492348968,11.14885177,anger
14a05Wb.wav,3.0540625,76.22957032,14.05613218,306.3818803,52.62177675,268.4368769,5.238923565,13.09038258,anger
14a07Aa.wav,2.0596875,77.2109959,20.22560987,240.4947055,15.15403075,68.34442946,4.685898375,14.98037587,fear
14a07Eb.wav,3.436625,77.68588029,11.75449302,208.5452253,62.51148249,449.8676484,4.073764231,14.96716702,disgust
14a07Fd.wav,2.0806875,73.71263861,16.71478401,282.5180931,94.82544893,300.1914669,5.785886054,14.26578748,happiness
14a07Lc.wav,2.99475,79.41068042,13.94627916,203.5275957,60.47472895,440.4122144,4.088079532,14.86031318,boredom
14a07Ld.wav,2.292125,79.9347125,11.69738026,189.5286967,73.28389218,439.932904,4.362763811,17.70781064,boredom
14a07Na.wav,2.0960625,78.42966101,14.89988792,168.9610886,74.41163628,497.1682014,5.247935116,13.61063493,neutral
14a07Tc.wav,3.2635,77.06128181,11.16013497,170.9181362,90.2574236,502.6147248,3.653338746,10.9112324,sadness
14a07Wc.wav,2.0635,74.19817731,14.66598245,299.2573063,42.52808642,196.069576,4.361521686,11.17340265,anger
14b01Ac.wav,2.344375,75.59952676,10.64796385,325.4680381,34.97297293,189.6092004,4.265529192,12.99022381,fear
14b01Eb.wav,3.29175,75.69125066,11.28911397,190.8594385,50.95414126,363.6851391,4.556846662,11.58943197,disgust
14b01Fa.wav,2.56025,72.35448591,12.91328444,256.0771379,53.54426142,207.446543,4.687042281,14.45363671,happiness
14b01Fc.wav,2.540875,73.40999005,13.84530574,333.4122449,77.16774147,282.6989898,4.722782506,13.97839498,happiness
14b01Na.wav,2.572625,80.06938499,10.79752037,189.381434,81.54324274,473.0155457,5.830620475,13.3792613,neutral
14b01Wc.wav,2.9583125,75.47217442,12.60385846,269.8207396,68.48136668,351.9758619,4.732427693,10.61345105,anger
14b02Aa.wav,2.84025,73.31931465,13.01644106,270.3635127,40.54059864,206.2080458,5.134027743,12.11293346,fear
14b02Fb.wav,2.8371875,73.64422093,13.53043869,318.6710151,82.2433206,406.667773,4.229540698,11.39349821,happiness
14b02Na.wav,2.8994375,77.11111724,10.24384925,178.4208635,65.7462098,419.6802558,6.552995193,14.53224183,neutral
14b02Tc.wav,6.2154375,75.25499987,12.66135144,142.6683656,93.55845364,498.9442451,3.914979691,6.748020967,sadness
14b02Wb.wav,2.748125,73.38272801,11.6820163,269.6583058,65.66946222,251.6183564,5.094382534,10.5227791,anger
14b02Wd.wav,2.2923125,75.29875013,13.43856266,210.917761,34.33736753,182.3323629,5.671129045,10.87079772,anger
14b03Ad.wav,3.5028125,74.95007175,33.28147955,251.7696693,27.94886253,132.1435563,4.567758052,14.05072518,fear
14b03Ed.wav,5.0500625,75.65144454,12.54856055,228.2099947,29.61214732,207.9255008,4.640340643,13.34853164,disgust
14b03Lb.wav,3.580125,74.76277245,11.54135944,180.9541026,56.86537735,499.6393792,5.224238932,16.83905487,boredom
14b03Ta.wav,5.4973125,75.06408816,11.41030175,135.9687723,84.89911269,438.3795913,4.100737863,9.457860566,sadness
14b03Wb.wav,3.8861875,74.01010516,13.29057371,290.192372,59.72985718,267.5909278,5.670390814,13.76105588,anger
14b09Ac.wav,2.2876875,78.83919997,9.12524092,253.175371,26.10079899,152.3932534,4.371226402,15.65270049,fear
14b09Ea.wav,4.243625,73.9806103,14.12468871,209.6530116,61.40108203,438.1682375,3.85443099,14.11448423,disgust
14b09Fc.wav,2.5295,71.72233336,13.00431894,226.7311517,48.23554773,215.2873294,5.53469065,10.21458661,happiness
14b09Lb.wav,3.0503125,76.29091796,11.77534912,190.2367628,55.8723458,392.2492762,4.917528942,16.63156156,boredom
14b09Td.wav,3.7651875,74.9734658,9.595265579,163.9665351,76.45142054,402.3320729,3.983865345,9.138687317,sadness
14b09Wa.wav,3.5453125,73.38496145,13.63024657,264.0240909,50.59544319,246.782563,4.513001322,13.15974011,anger
14b09Wc.wav,2.7706875,75.20601867,13.05575716,318.4651348,69.67072954,375.2528723,4.691976269,12.31055901,anger
14b10Ad.wav,1.9655625,77.39656074,7.268095939,227.735289,27.67470969,150.4503611,5.596362364,15.38951431,fear
14b10Eb.wav,3.6788125,76.74558605,12.90649673,183.6908528,29.75676484,146.5305169,3.907644329,12.78616549,disgust
14b10Lb.wav,2.1375,74.9511896,10.29124825,194.8427357,51.76750201,172.9191175,5.14619883,18.04071318,boredom
14b10Nb.wav,2.0579375,78.25747279,9.154543127,171.906771,29.673375,166.253917,5.831080876,14.18819403,neutral
14b10Tc.wav,3.4114375,76.26464144,11.13964368,147.176043,72.36041478,458.5220102,4.208403656,9.708073114,sadness
14b10Wc.wav,2.6553125,72.66643755,12.98172929,264.8939977,58.56154872,260.7106128,4.519242085,13.3931549,anger
15a01Ea.wav,2.5521875,74.81413333,11.08328957,126.6069142,22.98871902,140.2551435,3.91820742,6.779422431,disgust
15a01Fb.wav,1.626625,73.10483509,14.44480128,212.2143502,87.69764687,469.8687638,4.303388919,8.367171922,happiness
15a01La.wav,1.562625,79.26897756,9.178441962,103.9079149,32.28588355,99.52524976,3.19974402,10.65285757,boredom
15a01Nb.wav,1.62825,75.67331267,12.09544416,103.793011,16.47588524,50.83007525,3.684937817,7.327630866,neutral
15a01Wa.wav,1.8313125,75.23459181,17.52810504,258.5620077,54.343307,269.7423467,3.276338692,9.648541714,anger
15a02Ac.wav,1.89275,75.47549591,13.30270245,184.3194857,42.1045419,182.5033178,4.226654339,11.50006677,fear
15a02Ea.wav,2.4498125,76.20805443,11.15035237,151.6872702,121.3562264,514.9871964,2.857361533,9.375348698,disgust
15a02La.wav,1.696875,78.54581316,9.467907445,104.6730258,73.74507248,450.6676919,3.535911602,13.00953628,boredom
15a02Na.wav,1.613875,72.19891373,11.98087988,90.94401401,7.618827033,33.35495287,3.71776005,10.22589975,neutral
15a02Ta.wav,2.2666875,78.95142695,10.74023537,106.2969032,45.67622314,470.7840391,3.529379326,10.08289648,sadness
15a02Wb.wav,1.8071875,73.67401824,15.11369296,286.0400761,63.84440105,268.9943843,3.873422099,9.731344579,anger
15a02Wd.wav,1.8206875,72.88897001,14.91653152,206.2889164,38.31537876,163.0149189,3.844701521,10.61205189,anger
15a04Ab.wav,1.8296875,76.50325308,10.13460523,159.5832965,33.93490139,224.8387352,4.372331341,8.54120315,fear
15a04Ac.wav,1.8441875,78.69460757,12.92557548,205.3827907,75.99455899,490.4579326,4.337953706,9.462969588,fear
15a04Fd.wav,1.7911875,75.7219447,12.38745632,220.9299967,84.46670193,481.2959091,5.024599602,9.935478805,happiness
15a04Nc.wav,1.698125,73.59491412,10.30430371,100.1402948,13.58157624,47.54549997,5.299963195,8.758483457,neutral
15a04Wa.wav,1.945375,76.2150385,16.16064633,230.9771399,40.27343944,206.4639456,3.084238257,9.481291669,anger
15a04Wb.wav,1.8111875,76.43130763,16.80036614,243.933851,59.21240483,247.0737721,3.312743711,10.85294348,anger
15a05Eb.wav,3.9935625,75.95669615,11.44308657,135.5282477,18.70987184,101.5851545,4.256850869,9.343211254,disgust
15a05Fb.wav,2.6961875,74.65216198,12.61814023,249.9727372,76.73414026,461.2527206,4.821623125,12.25522511,happiness
15a05Lb.wav,3.3200625,73.24969403,10.11184362,95.95449654,17.2425384,67.09121372,3.614389789,14.09562101,boredom
15a05Na.wav,3.1209375,72.48857783,10.65704392,109.3792141,13.54709708,68.87965793,5.086342942,11.28564526,neutral
15a05Wa.wav,3.0985,73.62807431,14.52622457,239.4543897,44.53355876,218.8001665,5.16378893,9.567968953,anger
15a07Ac.wav,1.810875,76.40818733,9.131768926,181.9471648,31.48057319,122.4204966,5.52219231,11.15943189,fear
15a07Eb.wav,2.397125,76.55186289,9.963622961,127.1384062,22.27777964,102.580789,2.920164781,10.1593503,disgust
15a07Fa.wav,1.9641875,76.16029166,13.63268327,244.2612904,58.45045417,235.0819402,4.072930919,12.3525936,happiness
15a07Fb.wav,1.93525,72.41421377,11.18583746,221.0928613,76.38610285,289.6956142,4.650561943,12.28345865,happiness
15a07Ld.wav,1.8018125,78.26153148,9.304758579,119.5065454,37.98123903,114.786854,3.884976933,11.81214835,boredom
15a07Nc.wav,1.8811875,78.43042976,10.57039954,103.762229,14.24452305,55.86631562,5.315791222,9.666923271,neutral
15b01Ec.wav,2.9709375,78.1897916,10.6730427,155.0929953,38.17162662,181.1247919,4.375723151,6.990318136,disgust
15b01Lb.wav,2.326625,79.76828303,7.80789291,94.98745025,13.9192373,53.56134825,4.727878365,11.92577051,boredom
15b01Na.wav,2.35725,75.54516415,10.85882009,119.8101509,22.61126971,86.21535683,5.090677696,9.242649016,neutral
15b01Wc.wav,2.631375,77.84816909,12.97253618,182.0945831,44.53800746,215.136701,4.94038288,9.397132091,anger
15b02Aa.wav,2.9655625,76.54216183,12.17664627,182.3103149,31.31430073,142.6118368,5.058062341,9.154716741,fear
15b02Lb.wav,2.955625,78.78373826,9.367639353,114.2877496,88.06174674,509.028473,3.38337915,12.86497132,boredom
15b02Nd.wav,2.79025,73.84943918,10.47107281,101.4575953,16.06380409,61.53157023,5.734253203,9.986047535,neutral
15b02Tc.wav,3.892,79.94707797,11.0944478,114.60019,62.97349022,452.5140102,4.479283315,12.85348069,sadness
15b02Wa.wav,2.7650625,75.75761094,12.41905388,193.0170803,37.90853487,171.591154,4.701521213,8.636482391,anger
15b02Wc.wav,2.6233125,76.08114667,12.87789015,214.5457753,54.69647387,227.484275,4.574369237,9.881707981,anger
15b03Aa.wav,2.6274375,78.43839664,5.65016279,133.4166866,62.49231629,487.1098093,5.708984514,9.016664308,fear
15b03Lc.wav,3.666375,77.10521777,10.77609007,101.9999179,21.4545972,88.87644874,5.131010545,12.00067384,boredom
15b03Nb.wav,3.2004375,75.77171888,9.656666929,102.8219799,18.08853768,88.0396146,4.9993165,9.615523012,neutral
15b03Tc.wav,5.3410625,77.43384308,11.5769852,123.0362661,84.92297378,478.1542285,4.42192538,11.40045918,sadness
15b03Wa.wav,3.3629375,74.68769686,11.09027923,210.9014233,54.68332727,278.6782075,6.214290825,9.790696954,anger
15b03Wb.wav,3.021625,76.28032117,13.13097463,204.6311062,53.12583365,285.4346767,5.957059529,8.933827081,anger
15b09Ac.wav,2.41875,76.11732518,9.7985379,157.5720775,31.43289818,136.8683164,5.788113695,10.40833845,fear
15b09Fa.wav,2.4509375,72.01036376,12.26309164,197.3587251,60.28035686,223.3143044,4.896085681,9.765122691,happiness
15b09La.wav,3.21775,74.44006705,11.46261823,103.5317068,30.54679713,115.897207,3.107761635,14.81128718,boredom
15b09Nb.wav,2.452375,74.09935481,8.961947948,94.16485475,11.76463407,50.55021905,4.0776798,10.15012246,neutral
15b09Ta.wav,4.01575,76.91069793,11.59986526,115.0165639,58.54387423,506.8395579,4.386265506,13.08753627,sadness
15b09Wb.wav,2.655875,71.98334054,12.82117201,199.510849,48.69980379,229.3950879,4.894808679,8.609623725,anger
15b10Ac.wav,2.0220625,75.28979732,8.416083672,198.4320324,70.41482362,470.7927078,6.42907922,11.53273885,fear
15b10Lc.wav,2.467625,78.16122821,9.642810501,97.61047124,23.77552917,90.23044933,4.457727572,12.86192071,boredom
15b10Nb.wav,2.21325,77.38948477,8.898052507,95.97526653,13.07891845,46.00616332,4.970066644,12.94502899,neutral
15b10Nc.wav,2.20275,76.28305722,9.842251821,110.7991634,65.69747488,456.0072635,4.993757803,11.40672082,neutral
15b10Wa.wav,2.63375,74.2805343,12.05428463,227.739353,48.31904997,281.8802703,4.93592786,11.7023911,anger
16a01Ec.wav,2.4304375,77.54370655,12.47735751,238.1571088,50.33398114,239.0747604,4.114485561,9.198927406,disgust
16a01Fc.wav,2.096375,74.44732707,11.94037275,344.8916622,74.68991711,338.8406714,3.816111144,9.911531724,happiness
16a01Lb.wav,2.0335625,73.9721512,11.82861198,206.6456939,55.19092178,189.2363969,2.950487138,12.85933411,boredom
16a01Nc.wav,1.7719375,76.47832974,11.40663915,187.1647868,55.8752782,395.9901162,4.514831928,10.8092901,neutral
16a01Tb.wav,2.6075625,74.11065999,12.48383621,192.7822943,14.41259107,63.42517322,3.290150113,12.39820501,sadness
16a01Wb.wav,2.199875,74.83482037,15.35338806,345.88622,87.68560123,373.8523176,3.63657026,8.35765604,anger
16a02Ea.wav,2.9485,74.90633808,16.72369576,259.2104344,50.00683229,209.2207961,3.052399525,13.43893679,disgust
16a02Ec.wav,2.4875,76.85321577,13.8204055,232.0093718,65.67555541,446.1247573,4.422110553,10.74709207,disgust
16a02Lb.wav,2.081125,76.36739292,12.21836694,227.3850953,56.19915386,179.3057681,3.363565379,12.2932104,boredom
16a02Nb.wav,1.6604375,76.55931076,13.19489446,200.4844164,38.09867991,131.7887348,3.613505477,12.14539273,neutral
16a02Tc.wav,2.1919375,80.57158531,12.32934363,188.7458982,7.780249314,39.70622707,3.707749859,14.39556922,sadness
16a02Wb.wav,1.7700625,71.05827165,16.89760781,367.9780966,72.2006582,314.2331197,2.737792227,11.97567885,anger
16a04Ab.wav,1.48,75.7425511,10.22021484,295.2409492,30.09200593,113.8858401,5.405405405,13.69641345,fear
16a04Ea.wav,2.65,75.72273405,10.95427091,203.9068302,40.92994268,355.4970616,3.396226415,12.51825715,disgust
16a04Fa.wav,2.043875,75.7340321,13.89308136,345.5398539,70.66242566,301.0377619,3.546361286,13.18152268,happiness
16a04La.wav,2.0289375,75.96973743,11.85715488,180.5479954,37.64348624,152.2112402,4.928688045,13.62015455,boredom
16a04Lc.wav,2.65375,75.37144863,10.50220087,164.2649501,24.55382882,101.4708965,3.768252473,12.65006315,boredom
16a04Nc.wav,1.8259375,76.72899899,10.60154483,189.6070295,29.04692825,98.53559418,4.928974842,11.92261168,neutral
16a04Tc.wav,3.1656875,78.01753414,13.73883589,196.1635717,11.06280334,40.74586717,3.778833285,16.07031656,sadness
16a04Wb.wav,2.5619375,70.77432635,14.06964732,352.5972026,90.79146424,293.8785341,4.324908771,11.47369861,anger
16a04Wc.wav,1.9440625,73.38834215,14.28158611,327.6094182,68.59830741,277.7884095,4.889882146,11.00931852,anger
16a05Ab.wav,2.9013125,76.12929119,12.18045351,322.5665683,52.13604522,356.5975818,5.514745482,11.52854022,fear
16a05Ea.wav,5.48875,72.69307101,16.4187177,247.2276849,54.36477642,453.4673181,3.714730545,14.87782821,disgust
16a05Fc.wav,3.612375,73.00045929,12.4255211,329.517423,62.78906857,325.1670144,4.706045192,11.46991547,happiness
16a05La.wav,4.0509375,72.88264297,13.079503,199.2402249,48.37802282,213.7985796,4.145116073,16.01844099,boredom
16a05Tb.wav,6.788,77.6343228,13.29128883,179.0026148,11.93793781,77.60225977,4.13009809,14.43092045,sadness
16a05Wb.wav,3.7410625,75.01220526,12.9389027,315.7039295,71.07335,315.8119909,4.81146733,10.47176246,anger
16a05Wc.wav,3.80075,72.61031829,14.57420875,359.8863215,54.98172339,268.8677934,3.157271591,10.7806119,anger
16a07Ea.wav,2.9964375,78.06631796,11.5605848,213.9711912,32.25817559,163.9097167,3.67102601,15.98789973,disgust
16a07Fa.wav,2.37125,74.73977951,11.79026461,331.7356299,89.22515766,358.7440909,3.373748023,13.15083179,happiness
16a07Fb.wav,2.4268125,71.53157881,12.4264353,402.213717,76.58740751,335.3409849,4.120631487,14.71834104,happiness
16a07La.wav,2.0746875,82.22636296,11.76481752,214.8619242,35.39468367,141.9245895,3.85600241,14.72434101,boredom
16a07Lb.wav,2.1673125,76.15723312,10.8591908,173.8120997,38.67477365,125.2125761,3.691207429,14.08816364,boredom
16a07Nb.wav,2.0070625,81.77252281,11.08187596,200.6129114,36.13730217,124.1773642,3.985924703,13.7010787,neutral
16a07Td.wav,3.7295,74.33919216,11.08023907,183.1908412,53.46324959,369.133101,3.182812811,14.1550017,sadness
16a07Wa.wav,2.3818125,72.50108378,15.47644406,355.00765,70.6406394,265.2849303,3.358786638,12.95942447,anger
16b01Aa.wav,2.0813125,77.28968503,12.77902764,316.4365869,46.34249772,189.2288342,5.285126573,10.57056091,fear
16b01Eb.wav,3.421625,77.36387229,13.94518068,225.8701631,49.34692967,239.5517191,3.507105542,12.33437937,disgust
16b01Fa.wav,2.64975,67.89712959,13.08727041,372.8645306,78.03576584,357.3526233,4.528729125,13.26175915,happiness
16b01La.wav,2.9439375,78.1392694,13.32790297,184.1088323,49.95704702,333.0094651,4.415854616,13.12007617,boredom
16b01Lc.wav,2.4656875,77.97445345,10.4322588,198.9529738,25.97069483,98.55588797,4.461230387,14.91344423,boredom
16b01Tb.wav,4.37775,76.15060885,13.72954553,189.7158419,9.674244971,57.97635682,4.04074417,13.75699136,sadness
16b01Wa.wav,2.609875,74.34265644,13.35928795,231.1740844,48.41397825,233.9842329,4.597921356,9.841252201,anger
16b01Wb.wav,2.6616875,73.34765946,14.26703623,305.3604383,60.34253341,337.3447407,4.132716557,10.4311559,anger
16b02Aa.wav,3.0035625,73.06756265,13.14720139,345.6126988,40.51639291,165.8247393,6.107890153,12.21155376,fear
16b02Eb.wav,4.1885625,78.24535653,12.05442965,222.2732908,38.43678403,212.550997,3.819926287,13.41246265,disgust
16b02Fd.wav,3.5335625,73.32593384,10.5187519,320.891771,73.33739862,317.2415279,5.094009233,12.07869891,happiness
16b02Lb.wav,3.39875,77.12867737,11.1198496,189.0570559,44.68149421,184.2958363,4.119161456,15.9815192,boredom
16b02Wb.wav,3.184375,71.35113687,13.7240073,342.9556141,81.91373018,349.3064521,4.710500491,12.13661888,anger
16b03Ad.wav,3.2161875,74.17197307,11.34915013,320.9285347,39.47791153,280.1488617,5.907615772,12.66490075,fear
16b03Ea.wav,5.9638125,75.35231399,14.72525733,206.3071824,34.15860628,160.1462769,4.148634716,13.84507915,disgust
16b03Fa.wav,3.8655,71.74711395,14.90580737,341.635856,68.19692869,285.0279065,5.496726215,13.04362286,happiness
16b03Fd.wav,3.6574375,73.33953726,14.23645755,296.0789709,58.65315012,241.5028094,5.252232682,12.23011421,happiness
16b03La.wav,4.035625,77.74278318,11.50621157,200.5302487,42.55954543,198.9041205,4.056452294,16.22579094,boredom
16b03Nb.wav,3.8991875,77.53649803,11.53204928,182.8479429,32.11608735,173.5215999,5.059599624,12.93271853,neutral
16b03Ta.wav,5.975625,78.03121904,15.15179531,176.6346575,36.35682196,402.84131,4.650325938,15.40210711,sadness
16b03Wb.wav,3.9245625,72.83508366,15.55370746,352.8645122,51.75277827,282.0924817,5.903772394,13.3256312,anger
16b09Ab.wav,2.0515625,72.35346449,10.47165124,326.9735955,49.2769767,192.609375,5.849200305,12.06986321,fear
16b09Eb.wav,5.0256875,74.2322808,15.69120933,220.7923983,39.64994104,261.5381017,3.806804663,15.79477504,disgust
16b09Fb.wav,3.5018125,71.51947348,14.92535905,307.227389,60.72849534,248.9501663,4.536892634,11.05497881,happiness
16b09La.wav,3.0661875,78.73607469,10.77432575,227.1182452,51.99697816,232.059513,3.913654987,16.8051958,boredom
16b09Lb.wav,3.1859375,76.3148964,12.34975814,191.4986016,60.32213769,225.9323035,4.394310937,13.1867339,boredom
16b09Wb.wav,3.69,71.47834663,14.57662114,368.2171814,74.78267389,340.9897767,3.863298663,9.316672228,anger
16b10Aa.wav,2.5826875,78.14924444,14.25080767,285.9522868,39.02977328,141.6215068,4.966840694,13.11529303,fear
16b10Eb.wav,3.2245,76.07350688,12.14556576,227.6451392,57.87987809,458.1885737,3.72150721,15.84875907,disgust
16b10Fb.wav,2.5835,72.38235045,12.63970099,388.691533,90.03529178,352.2860037,4.644861622,12.35431917,happiness
16b10Lb.wav,3.4426875,76.21137545,11.26773581,179.1050196,47.03088835,229.7850225,3.195178186,14.0340001,boredom
16b10Tb.wav,3.500625,79.22948994,14.28732731,201.4657284,17.28174002,98.78321792,3.802774297,14.15826962,sadness
16b10Td.wav,3.9341875,75.56526504,13.48632614,167.3549294,14.06457976,59.17515308,4.013126267,16.31068122,sadness
16b10Wa.wav,2.414125,69.30037616,13.14456115,317.9378492,70.92275578,288.1517155,4.709422115,12.05526479,anger
16b10Wb.wav,2.5225,73.68646611,12.79184114,343.0622834,95.06309022,399.1984898,4.757185332,9.171767811,anger